Last Name,First Name,NPI,Practice Name,Address Line 1,Address Line 2,City,State,Zip,Speciality
Goodman,Pierce,1073702056,Goodman Dental Care,521 W WETMORE RD,,TUCSON,AZ,857051521,General Practitioner
Johnson,Henry,,Johnson's Dental Care LLC,629 N High St,Floor 6,Columbus,OH,432151111,Endodontic
Naoko,Kimura,1811052616,Naoko Kimura DDS,1300 ALAMEDA AVE,,FIRCREST,WA,984666511,General Practitioner
Webster,Richard,1770797672,"Richard Webster, DDS",640 E DEER SPRINGS WAY,STE 180,NORTH LAS VEGAS,NV,890861514,Orthodontist
Clemons,Rebecca,566A9712G,Goss Dental Services,1302 Texas Ave,,Louisville,KY,40217,General Practitioner
Chan,Sharon,1750500997,"Sharon Chan, DDS",2516 W ILLINOIS AVE,,DALLAS,TX,752331108,General Practitioner
Rutledge,Jennifer,1275690893,MP Dentistry Dallas PLLC,1026 E WHEATLAND RD,,DUNCANVILLE,TX,751164914,Pediatric
Jobs,Steve,64698133,Good Apple Dentistry,1 Infinite Loop,,Cupertino,CA,95014,Oral Surgeon